evidence_id,domain,title,primary_adr,criticality,minimum_evidence_level,status,implementation_owner,evidence_owner,independent_reviewer,verification_profile_version,broker_capability_profile_version,latest_run_id,latest_result_date,evidence_location,notes
RC-EV-001,Risk Capacity,Concurrent Commitment Serialization,ADR-002-002,Critical,EV-L3,NOT_IMPLEMENTED,TBD,TBD,TBD,TBD,N/A,,,,
RC-EV-002,Risk Capacity,Duplicate Active Ledger Writer,ADR-002-002,Critical,EV-L3,NOT_IMPLEMENTED,TBD,TBD,TBD,TBD,N/A,,,,
RC-EV-003,Risk Capacity,Crash Before Send,ADR-002-002,Critical,EV-L3,NOT_IMPLEMENTED,TBD,TBD,TBD,TBD,N/A,,,,
RC-EV-004,Risk Capacity,Crash After Send Boundary,ADR-002-002,Critical,EV-L3,NOT_IMPLEMENTED,TBD,TBD,TBD,TBD,N/A,,,,
RC-EV-005,Risk Capacity,Acknowledgement Loss,ADR-002-002,Critical,EV-L3+Broker,NOT_IMPLEMENTED,TBD,TBD,TBD,TBD,N/A,,,,
RC-EV-006,Risk Capacity,Partial Fill Transfer,ADR-002-002,Critical,EV-L3,NOT_IMPLEMENTED,TBD,TBD,TBD,TBD,N/A,,,,
RC-EV-007,Risk Capacity,Cancel Crossing Fill,ADR-002-002,Critical,EV-L3+Broker,NOT_IMPLEMENTED,TBD,TBD,TBD,TBD,N/A,,,,
RC-EV-008,Risk Capacity,Replace Overlap,ADR-002-002,Critical,EV-L3,NOT_IMPLEMENTED,TBD,TBD,TBD,TBD,N/A,,,,
RC-EV-009,Risk Capacity,Reservation Expiry,ADR-002-002,Critical,EV-L2,NOT_IMPLEMENTED,TBD,TBD,TBD,TBD,N/A,,,,
RC-EV-010,Risk Capacity,External Activity Quarantine,ADR-002-002,Critical,EV-L3,NOT_IMPLEMENTED,TBD,TBD,TBD,TBD,N/A,,,,
RC-EV-011,Risk Capacity,Broker Query Omission,ADR-002-002,Critical,EV-L3,NOT_IMPLEMENTED,TBD,TBD,TBD,TBD,N/A,,,,
RC-EV-012,Risk Capacity,Protective Lease Partition,ADR-002-002,Critical,EV-L3,NOT_IMPLEMENTED,TBD,TBD,TBD,TBD,N/A,,,,
RC-EV-013,Risk Capacity,Protective Lease Expiry,ADR-002-002,Critical,EV-L3,NOT_IMPLEMENTED,TBD,TBD,TBD,TBD,N/A,,,,
RC-EV-014,Risk Capacity,Trapped Exposure,ADR-002-002,Critical,EV-L3,NOT_IMPLEMENTED,TBD,TBD,TBD,TBD,N/A,,,,
RC-EV-015,Risk Capacity,Corporate Action Remap,ADR-002-002,Critical,EV-L3,NOT_IMPLEMENTED,TBD,TBD,TBD,TBD,N/A,,,,
RC-EV-016,Risk Capacity,Hard Envelope Enforcement,ADR-002-002,Critical,EV-L3,NOT_IMPLEMENTED,TBD,TBD,TBD,TBD,N/A,,,,
RC-EV-017,Risk Capacity,Startup Recovery Barrier,ADR-002-002,Critical,EV-L3,NOT_IMPLEMENTED,TBD,TBD,TBD,TBD,N/A,,,,
RC-EV-018,Risk Capacity,Capacity Evidence Replay,ADR-002-002,Critical,EV-L2,NOT_IMPLEMENTED,TBD,TBD,TBD,TBD,N/A,,,,
SA-EV-001,Safety Authority,Duplicate Active Safety Authority,ADR-002-003,Critical,EV-L3,NOT_IMPLEMENTED,TBD,TBD,TBD,TBD,N/A,,,,
SA-EV-002,Safety Authority,Stale Leader Resume,ADR-002-003,Critical,EV-L3,NOT_IMPLEMENTED,TBD,TBD,TBD,TBD,N/A,,,,
SA-EV-003,Safety Authority,Partition After Normal Grant,ADR-002-003,Critical,EV-L3,NOT_IMPLEMENTED,TBD,TBD,TBD,TBD,N/A,,,,
SA-EV-004,Safety Authority,Valid Degraded Protective Lease,ADR-002-003,Critical,EV-L3,NOT_IMPLEMENTED,TBD,TBD,TBD,TBD,N/A,,,,
SA-EV-005,Safety Authority,Monotonic Lease Expiry,ADR-002-003,Critical,EV-L2/3,NOT_IMPLEMENTED,TBD,TBD,TBD,TBD,N/A,,,,
SA-EV-006,Safety Authority,Lease Owner Restart,ADR-002-003,Critical,EV-L3,NOT_IMPLEMENTED,TBD,TBD,TBD,TBD,N/A,,,,
SA-EV-007,Safety Authority,Overlapping Lease Failover,ADR-002-003,Critical,EV-L3,NOT_IMPLEMENTED,TBD,TBD,TBD,TBD,N/A,,,,
SA-EV-008,Safety Authority,Hard Fence,ADR-002-003,Critical,EV-L3+Broker,NOT_IMPLEMENTED,TBD,TBD,TBD,TBD,N/A,,,,
SA-EV-009,Safety Authority,HALT Versus Permissive Capability,ADR-002-003,Critical,EV-L3,NOT_IMPLEMENTED,TBD,TBD,TBD,TBD,N/A,,,,
SA-EV-010,Safety Authority,Re-arm Gate,ADR-002-003,Critical,EV-L3,NOT_IMPLEMENTED,TBD,TBD,TBD,TBD,N/A,,,,
SA-EV-011,Safety Authority,Time Discontinuity,ADR-002-003,Critical,EV-L3,NOT_IMPLEMENTED,TBD,TBD,TBD,TBD,N/A,,,,
SA-EV-012,Safety Authority,Key Rotation and Revocation,ADR-002-003,Critical,EV-L3,NOT_IMPLEMENTED,TBD,TBD,TBD,TBD,N/A,,,,
SA-EV-013,Safety Authority,Egress Bypass Test,ADR-002-003,Critical,EV-L3+Security,NOT_IMPLEMENTED,TBD,TBD,TBD,TBD,N/A,,,,
SA-EV-014,Safety Authority,Epoch Registry Failure,ADR-002-003,Critical,EV-L3,NOT_IMPLEMENTED,TBD,TBD,TBD,TBD,N/A,,,,
SA-EV-015,Safety Authority,Authority Evidence Replay,ADR-002-003,Critical,EV-L2,NOT_IMPLEMENTED,TBD,TBD,TBD,TBD,N/A,,,,
BC-EV-001,Broker Capability,Broker Identity and Attribution,ADR-002-004,Critical,EV-L3/5,NOT_IMPLEMENTED,TBD,TBD,TBD,TBD,TBD,,,,
BC-EV-002,Broker Capability,Lost Broker Acknowledgement,ADR-002-004,Critical,EV-L3/5,NOT_IMPLEMENTED,TBD,TBD,TBD,TBD,TBD,,,,
BC-EV-003,Broker Capability,Duplicate Submission,ADR-002-004,Critical,Profile-dependent,NOT_IMPLEMENTED,TBD,TBD,TBD,TBD,TBD,,,,
BC-EV-004,Broker Capability,Fill Before Acknowledgement,ADR-002-004,Critical,EV-L3,NOT_IMPLEMENTED,TBD,TBD,TBD,TBD,TBD,,,,
BC-EV-005,Broker Capability,Duplicate and Out-of-Order Fills,ADR-002-004,Critical,EV-L3,NOT_IMPLEMENTED,TBD,TBD,TBD,TBD,TBD,,,,
BC-EV-006,Broker Capability,Query Omission,ADR-002-004,Critical,EV-L3/5,NOT_IMPLEMENTED,TBD,TBD,TBD,TBD,TBD,,,,
BC-EV-007,Broker Capability,Cancel Crossing Fill,ADR-002-004,Critical,EV-L3/5,NOT_IMPLEMENTED,TBD,TBD,TBD,TBD,TBD,,,,
BC-EV-008,Broker Capability,Late Fill and Correction,ADR-002-004,Critical,EV-L3/5,NOT_IMPLEMENTED,TBD,TBD,TBD,TBD,TBD,,,,
BC-EV-009,Broker Capability,Replace Semantics,ADR-002-004,Critical,EV-L3/5,NOT_IMPLEMENTED,TBD,TBD,TBD,TBD,TBD,,,,
BC-EV-010,Broker Capability,Reduce-Only or Exit Reversal,ADR-002-004,Critical,EV-L3/5,NOT_IMPLEMENTED,TBD,TBD,TBD,TBD,TBD,,,,
BC-EV-011,Broker Capability,External Activity Detection,ADR-002-004,Critical,EV-L3/5,NOT_IMPLEMENTED,TBD,TBD,TBD,TBD,TBD,,,,
BC-EV-012,Broker Capability,Polling Under Rate Pressure,ADR-002-004,Critical,EV-L3/5,NOT_IMPLEMENTED,TBD,TBD,TBD,TBD,TBD,,,,
BC-EV-013,Broker Capability,Protective Request Under Saturation,ADR-002-004,Critical,EV-L3/5,NOT_IMPLEMENTED,TBD,TBD,TBD,TBD,TBD,,,,
BC-EV-014,Broker Capability,Session Failure and Reconnect,ADR-002-004,Critical,EV-L3/5,NOT_IMPLEMENTED,TBD,TBD,TBD,TBD,TBD,,,,
BC-EV-015,Broker Capability,Broker Credential Fencing,ADR-002-004,Critical,EV-L3+Security,NOT_IMPLEMENTED,TBD,TBD,TBD,TBD,TBD,,,,
BC-EV-016,Broker Capability,Capability Drift,ADR-002-004,Critical,EV-L3,NOT_IMPLEMENTED,TBD,TBD,TBD,TBD,TBD,,,,
BC-EV-017,Broker Capability,Pagination and History Window,ADR-002-004,Critical,EV-L3/5,NOT_IMPLEMENTED,TBD,TBD,TBD,TBD,TBD,,,,
BC-EV-018,Broker Capability,Position and Margin Conflict,ADR-002-004,Critical,EV-L3,NOT_IMPLEMENTED,TBD,TBD,TBD,TBD,TBD,,,,
BC-EV-019,Broker Capability,Corporate/Administrative Change,ADR-002-004,Critical,EV-L3,NOT_IMPLEMENTED,TBD,TBD,TBD,TBD,TBD,,,,
BC-EV-020,Broker Capability,Environment Isolation,ADR-002-004,Critical,EV-L3+Security,NOT_IMPLEMENTED,TBD,TBD,TBD,TBD,TBD,,,,
BC-EV-021,Broker Capability,Profile Version Enforcement,ADR-002-004,Critical,EV-L2/3,NOT_IMPLEMENTED,TBD,TBD,TBD,TBD,TBD,,,,
BC-EV-022,Broker Capability,Broker Evidence Replay,ADR-002-004,Critical,EV-L2,NOT_IMPLEMENTED,TBD,TBD,TBD,TBD,TBD,,,,
X-EV-001,Cross-System,End-to-End Normal Order,ADR-002-002/003/004,Critical,EV-L3,NOT_IMPLEMENTED,TBD,TBD,TBD,TBD,N/A,,,,
X-EV-002,Cross-System,Safety Authority Failover During Commit,ADR-002-002/003/004,Critical,EV-L3,NOT_IMPLEMENTED,TBD,TBD,TBD,TBD,N/A,,,,
X-EV-003,Cross-System,Ledger Failover During Authority Partition,ADR-002-002/003/004,Critical,EV-L3,NOT_IMPLEMENTED,TBD,TBD,TBD,TBD,N/A,,,,
X-EV-004,Cross-System,ACK Loss Plus External Manual Order,ADR-002-002/003/004,Critical,EV-L3/5,NOT_IMPLEMENTED,TBD,TBD,TBD,TBD,N/A,,,,
X-EV-005,Cross-System,Protective Action Under Broker Saturation,ADR-002-002/003/004,Critical,EV-L3/5,NOT_IMPLEMENTED,TBD,TBD,TBD,TBD,N/A,,,,
X-EV-006,Cross-System,Cancel/Replace During Safety HALT,ADR-002-002/003/004,Critical,EV-L3,NOT_IMPLEMENTED,TBD,TBD,TBD,TBD,N/A,,,,
X-EV-007,Cross-System,Restart With Live UNKNOWN Orders,ADR-002-002/003/004,Critical,EV-L3,NOT_IMPLEMENTED,TBD,TBD,TBD,TBD,N/A,,,,
X-EV-008,Cross-System,Clock Failure During Degraded Protection,ADR-002-002/003/004,Critical,EV-L3,NOT_IMPLEMENTED,TBD,TBD,TBD,TBD,N/A,,,,
X-EV-009,Cross-System,Deployment Rollback Restores Stale Instance,ADR-002-002/003/004,Critical,EV-L3,NOT_IMPLEMENTED,TBD,TBD,TBD,TBD,N/A,,,,
X-EV-010,Cross-System,Corporate Action During Open Order,ADR-002-002/003/004,Critical,EV-L3,NOT_IMPLEMENTED,TBD,TBD,TBD,TBD,N/A,,,,
X-EV-011,Cross-System,Broker Capability Drift During Live Session,ADR-002-002/003/004,Critical,EV-L3/5,NOT_IMPLEMENTED,TBD,TBD,TBD,TBD,N/A,,,,
X-EV-012,Cross-System,Recovery and Partial Re-arm,ADR-002-002/003/004,Critical,EV-L3,NOT_IMPLEMENTED,TBD,TBD,TBD,TBD,N/A,,,,
TIME-EV-001,Trustworthy Time,Wall-Clock Rollback and Jump,ADR-002-008,Critical,EV-L3,NOT_IMPLEMENTED,TBD,TBD,TBD,TBD,TBD,,,,
TIME-EV-002,Trustworthy Time,Clock Freeze,ADR-002-008,Critical,EV-L3,NOT_IMPLEMENTED,TBD,TBD,TBD,TBD,TBD,,,,
TIME-EV-003,Trustworthy Time,Reference-Source Disagreement,ADR-002-008,Critical,EV-L3,NOT_IMPLEMENTED,TBD,TBD,TBD,TBD,TBD,,,,
TIME-EV-004,Trustworthy Time,Monotonic Discontinuity,ADR-002-008,Critical,EV-L3,NOT_IMPLEMENTED,TBD,TBD,TBD,TBD,TBD,,,,
TIME-EV-005,Trustworthy Time,Restart and Suspension,ADR-002-008,Critical,EV-L3,NOT_IMPLEMENTED,TBD,TBD,TBD,TBD,TBD,,,,
TIME-EV-006,Trustworthy Time,Holdover Boundary,ADR-002-008,Critical,EV-L2/3,NOT_IMPLEMENTED,TBD,TBD,TBD,TBD,TBD,,,,
TIME-EV-007,Trustworthy Time,Freshness and Ordering Ambiguity,ADR-002-008,Critical,EV-L2/3,NOT_IMPLEMENTED,TBD,TBD,TBD,TBD,TBD,,,,
TIME-EV-008,Trustworthy Time,Session-Boundary Uncertainty,ADR-002-008,Critical,EV-L3,NOT_IMPLEMENTED,TBD,TBD,TBD,TBD,TBD,,,,
TIME-EV-009,Trustworthy Time,Time Recovery Generation,ADR-002-008,Critical,EV-L3,NOT_IMPLEMENTED,TBD,TBD,TBD,TBD,TBD,,,,
TIME-EV-010,Trustworthy Time,Egress Time Currentness,ADR-002-008,Critical,EV-L3+Security,NOT_IMPLEMENTED,TBD,TBD,TBD,TBD,TBD,,,,
REARM-EV-001,Live Authorization and Re-arm,Default Non-Live,ADR-002-007,Critical,EV-L3+Security,NOT_IMPLEMENTED,TBD,TBD,TBD,TBD,TBD,,,,
REARM-EV-002,Live Authorization and Re-arm,Complete Re-arm Gate,ADR-002-007,Critical,EV-L3,NOT_IMPLEMENTED,TBD,TBD,TBD,TBD,TBD,,,,
REARM-EV-003,Live Authorization and Re-arm,Automatic Re-arm Prevention,ADR-002-007,Critical,EV-L3,NOT_IMPLEMENTED,TBD,TBD,TBD,TBD,TBD,,,,
REARM-EV-004,Live Authorization and Re-arm,Fresh Authorization Identity,ADR-002-007,Critical,EV-L3+Security,NOT_IMPLEMENTED,TBD,TBD,TBD,TBD,TBD,,,,
REARM-EV-005,Live Authorization and Re-arm,Human Dual Control,ADR-002-007,Critical,EV-L3+Security,NOT_IMPLEMENTED,TBD,TBD,TBD,TBD,TBD,,,,
REARM-EV-006,Live Authorization and Re-arm,Atomic Safety Configuration,ADR-002-007,Critical,EV-L3,NOT_IMPLEMENTED,TBD,TBD,TBD,TBD,TBD,,,,
REARM-EV-007,Live Authorization and Re-arm,UNKNOWN and Conservative Capacity,ADR-002-007,Critical,EV-L3,NOT_IMPLEMENTED,TBD,TBD,TBD,TBD,TBD,,,,
REARM-EV-008,Live Authorization and Re-arm,Continuous Invalidation Bound,ADR-002-007,Critical,EV-L3,NOT_IMPLEMENTED,TBD,TBD,TBD,TBD,TBD,,,,
REARM-EV-009,Live Authorization and Re-arm,Partial Re-arm Scope,ADR-002-007,Critical,EV-L3,NOT_IMPLEMENTED,TBD,TBD,TBD,TBD,TBD,,,,
REARM-EV-010,Live Authorization and Re-arm,Final Egress Authorization Currentness,ADR-002-007,Critical,EV-L3+Security,NOT_IMPLEMENTED,TBD,TBD,TBD,TBD,TBD,,,,
REARM-EV-011,Live Authorization and Re-arm,HALT Restrictive Precedence,ADR-002-007,Critical,EV-L3,NOT_IMPLEMENTED,TBD,TBD,TBD,TBD,TBD,,,,
REARM-EV-012,Live Authorization and Re-arm,Authorization Evidence Replay,ADR-002-007,Critical,EV-L2,NOT_IMPLEMENTED,TBD,TBD,TBD,TBD,TBD,,,,
STATE-EV-001,Orthogonal State,Orthogonal Composite Persistence,ADR-002-005,Critical,EV-L1/2,NOT_IMPLEMENTED,TBD,TBD,TBD,TBD,TBD,,,,
STATE-EV-002,Orthogonal State,Conservative Direction,ADR-002-005,Critical,EV-L2/3,NOT_IMPLEMENTED,TBD,TBD,TBD,TBD,TBD,,,,
STATE-EV-003,Orthogonal State,Cross-Dimension Coupling,ADR-002-005,Critical,EV-L1/3,NOT_IMPLEMENTED,TBD,TBD,TBD,TBD,TBD,,,,
STATE-EV-004,Orthogonal State,Conservative Restart Reconstruction,ADR-002-005,Critical,EV-L3,NOT_IMPLEMENTED,TBD,TBD,TBD,TBD,TBD,,,,
STATE-EV-005,Orthogonal State,Dimension Transition Ownership,ADR-002-005,Critical,EV-L2/3+Security,NOT_IMPLEMENTED,TBD,TBD,TBD,TBD,TBD,,,,
RECON-EV-001,Reconciliation Confidence,Single Evidence-Path Corruption,ADR-002-006,Critical,EV-L2/3,NOT_IMPLEMENTED,TBD,TBD,TBD,TBD,TBD,,,,
RECON-EV-002,Reconciliation Confidence,Query Omission and Negative Evidence,ADR-002-006,Critical,EV-L3,NOT_IMPLEMENTED,TBD,TBD,TBD,TBD,TBD,,,,
RECON-EV-003,Reconciliation Confidence,Conflicting Fill Quantity,ADR-002-006,Critical,EV-L2/3,NOT_IMPLEMENTED,TBD,TBD,TBD,TBD,TBD,,,,
RECON-EV-004,Reconciliation Confidence,Freshness and Time-Confidence Loss,ADR-002-006,Critical,EV-L2/3,NOT_IMPLEMENTED,TBD,TBD,TBD,TBD,TBD,,,,
RECON-EV-005,Reconciliation Confidence,Field-Specific Capacity Release Proof,ADR-002-006,Critical,EV-L3+Broker,NOT_IMPLEMENTED,TBD,TBD,TBD,TBD,TBD,,,,
FD-EV-001,Failure Domain,Strategy-to-Safety Isolation,ADR-002-009,Critical,EV-L3+Security,NOT_IMPLEMENTED,TBD,TBD,TBD,TBD,TBD,,,,
FD-EV-002,Failure Domain,Stale Deployment and Duplicate Active Generation,ADR-002-009,Critical,EV-L3+Security,NOT_IMPLEMENTED,TBD,TBD,TBD,TBD,TBD,,,,
FD-EV-003,Failure Domain,Control-Plane-to-Egress Partition,ADR-002-009,Critical,EV-L3+Security,NOT_IMPLEMENTED,TBD,TBD,TBD,TBD,TBD,,,,
FD-EV-004,Failure Domain,Cache Failure Cannot Create Permission,ADR-002-009,Critical,EV-L3,NOT_IMPLEMENTED,TBD,TBD,TBD,TBD,TBD,,,,
FD-EV-005,Failure Domain,Restrictive Event Distribution Failure,ADR-002-009,Critical,EV-L3,NOT_IMPLEMENTED,TBD,TBD,TBD,TBD,TBD,,,,
FD-EV-006,Failure Domain,Live and Non-Live Environment Isolation,ADR-002-009,Critical,EV-L3+Security,NOT_IMPLEMENTED,TBD,TBD,TBD,TBD,TBD,,,,
FD-EV-007,Failure Domain,Risk Capacity Ledger Failover Fence,ADR-002-009,Critical,EV-L3+Security,NOT_IMPLEMENTED,TBD,TBD,TBD,TBD,TBD,,,,
FD-EV-008,Failure Domain,Shared Time Common Mode,ADR-002-009,Critical,EV-L3,NOT_IMPLEMENTED,TBD,TBD,TBD,TBD,TBD,,,,
FD-EV-009,Failure Domain,Partial Deployment and Configuration Rollback,ADR-002-009,Critical,EV-L3+Security,NOT_IMPLEMENTED,TBD,TBD,TBD,TBD,TBD,,,,
FD-EV-010,Failure Domain,Shared Broker Resource Exhaustion,ADR-002-009,Critical,EV-L3/5,NOT_IMPLEMENTED,TBD,TBD,TBD,TBD,TBD,,,,
FD-EV-011,Failure Domain,Safety-Cell Blast-Radius Containment,ADR-002-009,Critical,EV-L3,NOT_IMPLEMENTED,TBD,TBD,TBD,TBD,TBD,,,,
FD-EV-012,Failure Domain,Region and Datastore Recovery,ADR-002-009,Critical,EV-L3,NOT_IMPLEMENTED,TBD,TBD,TBD,TBD,TBD,,,,
PR-EV-001,Protective Replacement,Overlap-First Replacement,ADR-002-011,Critical,EV-L1/3,NOT_IMPLEMENTED,TBD,TBD,TBD,TBD,TBD,,,,
PR-EV-002,Protective Replacement,Cancel-First Admission Gate,ADR-002-011,Critical,EV-L2/3,NOT_IMPLEMENTED,TBD,TBD,TBD,TBD,TBD,,,,
PR-EV-003,Protective Replacement,Missing ACK Replacement Ambiguity,ADR-002-011,Critical,EV-L3+Broker,NOT_IMPLEMENTED,TBD,TBD,TBD,TBD,TBD,,,,
PR-EV-004,Protective Replacement,Cancel ACK Is Not Final Quantity Proof,ADR-002-011,Critical,EV-L3+Broker,NOT_IMPLEMENTED,TBD,TBD,TBD,TBD,TBD,,,,
PR-EV-005,Protective Replacement,Partial-Fill Interleavings,ADR-002-011,Critical,EV-L1/3,NOT_IMPLEMENTED,TBD,TBD,TBD,TBD,TBD,,,,
PR-EV-006,Protective Replacement,New Protection Sufficiency Proof,ADR-002-011,Critical,EV-L3+Broker,NOT_IMPLEMENTED,TBD,TBD,TBD,TBD,TBD,,,,
PR-EV-007,Protective Replacement,Protective Broker-Resource Exhaustion,ADR-002-011,Critical,EV-L3/5,NOT_IMPLEMENTED,TBD,TBD,TBD,TBD,TBD,,,,
PR-EV-008,Protective Replacement,Replacement Authority Expiry,ADR-002-011,Critical,EV-L2/3,NOT_IMPLEMENTED,TBD,TBD,TBD,TBD,TBD,,,,
PR-EV-009,Protective Replacement,Replacement Crash and Failover,ADR-002-011,Critical,EV-L3,NOT_IMPLEMENTED,TBD,TBD,TBD,TBD,TBD,,,,
PR-EV-010,Protective Replacement,Replacement Partition,ADR-002-011,Critical,EV-L3,NOT_IMPLEMENTED,TBD,TBD,TBD,TBD,TBD,,,,
PR-EV-011,Protective Replacement,HALT and Replacement Precedence,ADR-002-011,Critical,EV-L3,NOT_IMPLEMENTED,TBD,TBD,TBD,TBD,TBD,,,,
PR-EV-012,Protective Replacement,Broker-Proven Atomic Replace Scope,ADR-002-011,Critical,EV-L3/5,NOT_IMPLEMENTED,TBD,TBD,TBD,TBD,TBD,,,,
NT-EV-001,Non-Trade Events,Split and Reverse-Split Transition,ADR-002-010,Critical,EV-L1/3+Broker,NOT_IMPLEMENTED,TBD,TBD,TBD,TBD,TBD,,,,
NT-EV-002,Non-Trade Events,Multi-Leg Merger and Spin-Off,ADR-002-010,Critical,EV-L1/3,NOT_IMPLEMENTED,TBD,TBD,TBD,TBD,TBD,,,,
NT-EV-003,Non-Trade Events,Instrument Identity Change,ADR-002-010,Critical,EV-L2/3,NOT_IMPLEMENTED,TBD,TBD,TBD,TBD,TBD,,,,
NT-EV-004,Non-Trade Events,Option Exercise and Assignment,ADR-002-010,Critical,EV-L3+Broker,NOT_IMPLEMENTED,TBD,TBD,TBD,TBD,TBD,,,,
NT-EV-005,Non-Trade Events,Futures Expiry and Settlement,ADR-002-010,Critical,EV-L3+Broker,NOT_IMPLEMENTED,TBD,TBD,TBD,TBD,TBD,,,,
NT-EV-006,Non-Trade Events,Broker Open-Order Adjustment,ADR-002-010,Critical,EV-L3/5,NOT_IMPLEMENTED,TBD,TBD,TBD,TBD,TBD,,,,
NT-EV-007,Non-Trade Events,Conflicting Effective-Time Window,ADR-002-010,Critical,EV-L2/3,NOT_IMPLEMENTED,TBD,TBD,TBD,TBD,TBD,,,,
NT-EV-008,Non-Trade Events,Unattributed Correction and Transfer,ADR-002-010,Critical,EV-L3+Broker,NOT_IMPLEMENTED,TBD,TBD,TBD,TBD,TBD,,,,
NT-EV-009,Non-Trade Events,Non-Permissive Partial Local Application,ADR-002-010,Critical,EV-L3,NOT_IMPLEMENTED,TBD,TBD,TBD,TBD,TBD,,,,
NT-EV-010,Non-Trade Events,Correction and Reversal Idempotency,ADR-002-010,Critical,EV-L1/3,NOT_IMPLEMENTED,TBD,TBD,TBD,TBD,TBD,,,,
NT-EV-011,Non-Trade Events,Non-Trade Restart and Replay,ADR-002-010,Critical,EV-L3,NOT_IMPLEMENTED,TBD,TBD,TBD,TBD,TBD,,,,
NT-EV-012,Non-Trade Events,Event Completion Cannot Re-arm,ADR-002-010,Critical,EV-L3,NOT_IMPLEMENTED,TBD,TBD,TBD,TBD,TBD,,,,
RCLP-EV-001,RCL Persistence and Consensus,Quorum-Serialized Concurrent Commitment,ADR-002-012,Critical,EV-L1/3,NOT_IMPLEMENTED,TBD,TBD,TBD,TBD,TBD,,,,
RCLP-EV-002,RCL Persistence and Consensus,Minority Leader With Broker Reachability,ADR-002-012,Critical,EV-L3+Security,NOT_IMPLEMENTED,TBD,TBD,TBD,TBD,TBD,,,,
RCLP-EV-003,RCL Persistence and Consensus,Stale Writer Resume,ADR-002-012,Critical,EV-L3+Security,NOT_IMPLEMENTED,TBD,TBD,TBD,TBD,TBD,,,,
RCLP-EV-004,RCL Persistence and Consensus,Quorum Loss Preserves Capacity,ADR-002-012,Critical,EV-L3,NOT_IMPLEMENTED,TBD,TBD,TBD,TBD,TBD,,,,
RCLP-EV-005,RCL Persistence and Consensus,Commit Response Loss and Crash Idempotency,ADR-002-012,Critical,EV-L1/3,NOT_IMPLEMENTED,TBD,TBD,TBD,TBD,TBD,,,,
RCLP-EV-006,RCL Persistence and Consensus,Capacity-to-Capability Commit Ordering,ADR-002-012,Critical,EV-L1/3+Security,NOT_IMPLEMENTED,TBD,TBD,TBD,TBD,TBD,,,,
RCLP-EV-007,RCL Persistence and Consensus,Quorum-Committed Claim and Send Boundary,ADR-002-012,Critical,EV-L3+Security,NOT_IMPLEMENTED,TBD,TBD,TBD,TBD,TBD,,,,
RCLP-EV-008,RCL Persistence and Consensus,Stale Read Cannot Create Permission,ADR-002-012,Critical,EV-L2/3,NOT_IMPLEMENTED,TBD,TBD,TBD,TBD,TBD,,,,
RCLP-EV-009,RCL Persistence and Consensus,Joint Membership and Removed-Voter Fence,ADR-002-012,Critical,EV-L3+Security,NOT_IMPLEMENTED,TBD,TBD,TBD,TBD,TBD,,,,
RCLP-EV-010,RCL Persistence and Consensus,"Snapshot, Compaction, and Restore Integrity",ADR-002-012,Critical,EV-L2/3,NOT_IMPLEMENTED,TBD,TBD,TBD,TBD,TBD,,,,
RCLP-EV-011,RCL Persistence and Consensus,Protective Sub-Ledger Rejoin,ADR-002-012,Critical,EV-L3,NOT_IMPLEMENTED,TBD,TBD,TBD,TBD,TBD,,,,
RCLP-EV-012,RCL Persistence and Consensus,Disaster Recovery and Conflicting History,ADR-002-012,Critical,EV-L3+Security,NOT_IMPLEMENTED,TBD,TBD,TBD,TBD,TBD,,,,
EGRESS-EV-001,Egress Security,Credential and Route Authority Inventory,ADR-002-013,Critical,EV-L2/3+Security,NOT_IMPLEMENTED,TBD,TBD,TBD,TBD,TBD,,,,
EGRESS-EV-002,Egress Security,Direct and Stale-Principal Bypass,ADR-002-013,Critical,EV-L3+Security,NOT_IMPLEMENTED,TBD,TBD,TBD,TBD,TBD,,,,
EGRESS-EV-003,Egress Security,"Environment, Scope, Endpoint, and Route Substitution",ADR-002-013,Critical,EV-L3+Security,NOT_IMPLEMENTED,TBD,TBD,TBD,TBD,TBD,,,,
EGRESS-EV-004,Egress Security,Quorum Commit Certificate Validation,ADR-002-013,Critical,EV-L1/3+Security,NOT_IMPLEMENTED,TBD,TBD,TBD,TBD,TBD,,,,
EGRESS-EV-005,Egress Security,"Proof, Capability, and Request Replay or Substitution",ADR-002-013,Critical,EV-L1/3+Security,NOT_IMPLEMENTED,TBD,TBD,TBD,TBD,TBD,,,,
EGRESS-EV-006,Egress Security,Downstream Intermediary and Reconnect Boundary,ADR-002-013,Critical,EV-L3+Security,NOT_IMPLEMENTED,TBD,TBD,TBD,TBD,TBD,,,,
EGRESS-EV-007,Egress Security,Restrictive Race at Actual Send Boundary,ADR-002-013,Critical,EV-L3+Security,NOT_IMPLEMENTED,TBD,TBD,TBD,TBD,TBD,,,,
EGRESS-EV-008,Egress Security,Deny-First Credential and Trust Rotation,ADR-002-013,Critical,EV-L3/5+Security,NOT_IMPLEMENTED,TBD,TBD,TBD,TBD,TBD,,,,
EGRESS-EV-009,Egress Security,"Failover, Rollback, and Removed-Principal Resume",ADR-002-013,Critical,EV-L3+Security,NOT_IMPLEMENTED,TBD,TBD,TBD,TBD,TBD,,,,
EGRESS-EV-010,Egress Security,Credential Compromise and Unknown Revocation,ADR-002-013,Critical,EV-L3/5+Security,NOT_IMPLEMENTED,TBD,TBD,TBD,TBD,TBD,,,,
EGRESS-EV-011,Egress Security,Degraded Protective Egress Exclusivity,ADR-002-013,Critical,EV-L3/5+Broker+Security,NOT_IMPLEMENTED,TBD,TBD,TBD,TBD,TBD,,,,
EGRESS-EV-012,Egress Security,Manual Authority and Recovery Cannot Re-arm,ADR-002-013,Critical,EV-L3/5+Security,NOT_IMPLEMENTED,TBD,TBD,TBD,TBD,TBD,,,,
SPG-EV-001,Safety Profile Governance,Envelope Governance and Non-Silent Expansion,ADR-002-014,Critical,EV-L1/3+Security,NOT_IMPLEMENTED,TBD,TBD,TBD,TBD,TBD,,,,
SPG-EV-002,Safety Profile Governance,"Semantic Units, Numeric, and Cross-Field Validation",ADR-002-014,Critical,EV-L1/2,NOT_IMPLEMENTED,TBD,TBD,TBD,TBD,TBD,,,,
SPG-EV-003,Safety Profile Governance,"Schema, Omission, and Canonicalization Safety",ADR-002-014,Critical,EV-L1/2+Security,NOT_IMPLEMENTED,TBD,TBD,TBD,TBD,TBD,,,,
SPG-EV-004,Safety Profile Governance,Atomic Mixed-Generation Activation,ADR-002-014,Critical,EV-L1/3,NOT_IMPLEMENTED,TBD,TBD,TBD,TBD,TBD,,,,
SPG-EV-005,Safety Profile Governance,Concurrent and Stale-Base Activation,ADR-002-014,Critical,EV-L1/3,NOT_IMPLEMENTED,TBD,TBD,TBD,TBD,TBD,,,,
SPG-EV-006,Safety Profile Governance,Restrictive Precedence and Economic Continuity,ADR-002-014,Critical,EV-L1/3,NOT_IMPLEMENTED,TBD,TBD,TBD,TBD,TBD,,,,
SPG-EV-007,Safety Profile Governance,"Rollback, Restore, and Historical Replay Fencing",ADR-002-014,Critical,EV-L2/3+Security,NOT_IMPLEMENTED,TBD,TBD,TBD,TBD,TBD,,,,
SPG-EV-008,Safety Profile Governance,Expiry and Recovery Non-Revival,ADR-002-014,Critical,EV-L1/3,NOT_IMPLEMENTED,TBD,TBD,TBD,TBD,TBD,,,,
SPG-EV-009,Safety Profile Governance,Separation of Duties and Break-Glass Confinement,ADR-002-014,Critical,EV-L2/3+Security,NOT_IMPLEMENTED,TBD,TBD,TBD,TBD,TBD,,,,
SPG-EV-010,Safety Profile Governance,"Consumer, Software, and Broker Compatibility Drift",ADR-002-014,Critical,EV-L2/3,NOT_IMPLEMENTED,TBD,TBD,TBD,TBD,TBD,,,,
SPG-EV-011,Safety Profile Governance,Missing or Contradictory Configuration Containment,ADR-002-014,Critical,EV-L2/3,NOT_IMPLEMENTED,TBD,TBD,TBD,TBD,TBD,,,,
SPG-EV-012,Safety Profile Governance,Configuration Decision Replay and Evidence Completeness,ADR-002-014,Critical,EV-L1/3,NOT_IMPLEMENTED,TBD,TBD,TBD,TBD,TBD,,,,
